"patient_id","total_synon_mutations","sampled_synon_mutations","proportion_sampled","gene_tested","synon_threshold","sampling_func"
"TCGA-V4-A9F7",2,1,0.5,"AZI1",1,"expo"
"TCGA-YZ-A985",51,1,0.0196078431372549,"AZI1",1,"expo"
"TCGA-V4-A9EU",1,1,1,"BAP1",2,"expo"
"TCGA-V4-A9EX",4,4,1,"BAP1",2,"expo"
"TCGA-V4-A9EO",1,1,1,"BAP1",4,"expo"
"TCGA-V4-A9EU",1,1,1,"BAP1",4,"expo"
"TCGA-V4-A9EX",4,4,1,"BAP1",4,"expo"
"TCGA-V4-A9F8",1,1,1,"BAP1",4,"expo"
"TCGA-V4-A9ED",1,1,1,"CYSLTR2",2,"expo"
"TCGA-VD-AA8O",2,2,1,"CYSLTR2",2,"expo"
"TCGA-V4-A9EJ",1,1,1,"DAK",1,"expo"
"TCGA-YZ-A985",51,1,0.0196078431372549,"DAK",1,"expo"
"TCGA-V4-A9F7",2,2,1,"EIF1AX",6,"expo"
"TCGA-VD-A8KE",4,4,1,"EIF1AX",6,"expo"
"TCGA-VD-AA8R",3,3,1,"EIF1AX",6,"expo"
"TCGA-WC-A87U",3,3,1,"EIF1AX",6,"expo"
"TCGA-WC-A884",1,1,1,"EIF1AX",6,"expo"
"TCGA-YZ-A985",51,2,0.0392156862745098,"ELMO2",1,"expo"
"TCGA-RZ-AB0B",1,1,1,"GMEB2",1,"expo"
"TCGA-V4-A9EO",1,1,1,"GMEB2",1,"expo"
"TCGA-RZ-AB0B",1,1,1,"GNA11",72,"expo"
"TCGA-V3-A9ZX",2,2,1,"GNA11",72,"expo"
"TCGA-V4-A9E8",1,1,1,"GNA11",72,"expo"
"TCGA-V4-A9EH",1,1,1,"GNA11",72,"expo"
"TCGA-V4-A9EI",4,4,1,"GNA11",72,"expo"
"TCGA-V4-A9EJ",1,1,1,"GNA11",72,"expo"
"TCGA-V4-A9ET",2,2,1,"GNA11",72,"expo"
"TCGA-V4-A9EU",1,1,1,"GNA11",72,"expo"
"TCGA-V4-A9EV",1,1,1,"GNA11",72,"expo"
"TCGA-V4-A9F5",1,1,1,"GNA11",72,"expo"
"TCGA-V4-A9F7",2,2,1,"GNA11",72,"expo"
"TCGA-VD-A8KH",3,3,1,"GNA11",72,"expo"
"TCGA-VD-A8KL",1,1,1,"GNA11",72,"expo"
"TCGA-VD-AA8N",1,1,1,"GNA11",72,"expo"
"TCGA-VD-AA8P",1,1,1,"GNA11",72,"expo"
"TCGA-VD-AA8R",3,3,1,"GNA11",72,"expo"
"TCGA-VD-AA8T",1,1,1,"GNA11",72,"expo"
"TCGA-WC-A87W",2,2,1,"GNA11",72,"expo"
"TCGA-WC-A87Y",1,1,1,"GNA11",72,"expo"
"TCGA-WC-A881",1,1,1,"GNA11",72,"expo"
"TCGA-WC-A882",1,1,1,"GNA11",72,"expo"
"TCGA-WC-A884",1,1,1,"GNA11",72,"expo"
"TCGA-WC-A888",1,1,1,"GNA11",72,"expo"
"TCGA-WC-A88A",2,2,1,"GNA11",72,"expo"
"TCGA-WC-AA9E",2,2,1,"GNA11",72,"expo"
"TCGA-YZ-A980",3,3,1,"GNA11",72,"expo"
"TCGA-YZ-A985",51,51,1,"GNA11",72,"expo"
"TCGA-V4-A9E5",1,1,1,"GNAQ",78,"expo"
"TCGA-V4-A9E7",2,2,1,"GNAQ",78,"expo"
"TCGA-V4-A9EA",1,1,1,"GNAQ",78,"expo"
"TCGA-V4-A9EE",5,5,1,"GNAQ",78,"expo"
"TCGA-V4-A9EK",1,1,1,"GNAQ",78,"expo"
"TCGA-V4-A9EO",1,1,1,"GNAQ",78,"expo"
"TCGA-V4-A9EW",4,4,1,"GNAQ",78,"expo"
"TCGA-V4-A9EX",4,4,1,"GNAQ",78,"expo"
"TCGA-V4-A9EZ",2,2,1,"GNAQ",78,"expo"
"TCGA-V4-A9F0",1,1,1,"GNAQ",78,"expo"
"TCGA-V4-A9F2",2,2,1,"GNAQ",78,"expo"
"TCGA-V4-A9F4",1,1,1,"GNAQ",78,"expo"
"TCGA-V4-A9F8",1,1,1,"GNAQ",78,"expo"
"TCGA-VD-A8K9",2,2,1,"GNAQ",78,"expo"
"TCGA-VD-A8KB",1,1,1,"GNAQ",78,"expo"
"TCGA-VD-A8KE",4,4,1,"GNAQ",78,"expo"
"TCGA-VD-A8KK",2,2,1,"GNAQ",78,"expo"
"TCGA-VD-A8KM",3,3,1,"GNAQ",78,"expo"
"TCGA-VD-A8KN",1,1,1,"GNAQ",78,"expo"
"TCGA-VD-A8KO",1,1,1,"GNAQ",78,"expo"
"TCGA-VD-AA8M",2,2,1,"GNAQ",78,"expo"
"TCGA-WC-A87U",3,3,1,"GNAQ",78,"expo"
"TCGA-WC-A883",1,1,1,"GNAQ",78,"expo"
"TCGA-WC-A885",1,1,1,"GNAQ",78,"expo"
"TCGA-WC-AA9E",2,2,1,"GNAQ",78,"expo"
"TCGA-YZ-A983",2,2,1,"GNAQ",78,"expo"
"TCGA-YZ-A985",51,51,1,"GNAQ",78,"expo"
"TCGA-V4-A9F0",1,1,1,"GNB1",1,"expo"
"TCGA-V4-A9F7",2,1,0.5,"GNB1",1,"expo"
"TCGA-V4-A9EE",5,1,0.2,"HDAC5",1,"expo"
"TCGA-YZ-A985",51,1,0.0196078431372549,"HDAC5",1,"expo"
"TCGA-YZ-A985",51,2,0.0392156862745098,"HDLBP",1,"expo"
"TCGA-WC-A882",1,1,1,"PPP2R1A",1,"expo"
"TCGA-V4-A9E5",1,1,1,"SF3B1",36,"expo"
"TCGA-V4-A9EA",1,1,1,"SF3B1",36,"expo"
"TCGA-V4-A9EJ",1,1,1,"SF3B1",36,"expo"
"TCGA-V4-A9EW",4,4,1,"SF3B1",36,"expo"
"TCGA-V4-A9EZ",2,2,1,"SF3B1",36,"expo"
"TCGA-V4-A9F4",1,1,1,"SF3B1",36,"expo"
"TCGA-VD-A8K9",2,2,1,"SF3B1",36,"expo"
"TCGA-VD-A8KB",1,1,1,"SF3B1",36,"expo"
"TCGA-VD-A8KH",3,3,1,"SF3B1",36,"expo"
"TCGA-WC-A881",1,1,1,"SF3B1",36,"expo"
"TCGA-WC-A885",1,1,1,"SF3B1",36,"expo"
"TCGA-WC-AA9E",2,2,1,"SF3B1",36,"expo"
"TCGA-YZ-A985",51,51,1,"SF3B1",36,"expo"
"TCGA-V4-A9EZ",2,1,0.5,"TMEM39A",1,"expo"
"TCGA-YZ-A983",2,1,0.5,"TMEM39A",1,"expo"
"TCGA-V4-A9EZ",2,1,0.5,"TNS3",1,"expo"
"TCGA-YZ-A985",51,1,0.0196078431372549,"TNS3",1,"expo"
"TCGA-YZ-A985",51,2,0.0392156862745098,"TNS3",1,"expo"
"TCGA-VD-AA8T",1,1,1,"TPCN1",1,"expo"
